x,y,z,qx,qy,qz,qw,Result
0.17497976881099309,0.3558035595047859,0.8213764294360296,0.42425943892466883,0.29183606067170337,-0.7062672136360422,0.4858212275289422,1.0
0.6000228262221277,-0.8952311007540428,0.9803030811017935,-0.28847448262359404,0.15438916262020394,0.8331430869822081,0.44589130508929964,1.0
0.8036198695906884,0.6636711408940223,0.8824718995246232,0.3105866226511554,0.109320914414857,-0.8906748371750572,0.3135015501155195,1.0
0.9830461014468994,0.7780803739360249,0.8119054387331238,0.27687910261699267,0.08740408481935594,-0.9125333525339192,0.2880648694376075,1.0
-0.44997872339638345,-0.3269887035461696,0.8626723190249088,-0.12693311670014748,0.42658733960643713,0.2553925108221585,0.8583040783942733,0.0
0.8055517639520469,0.07481098365848804,0.7055151301388615,0.30832364111468896,0.012683879259091887,-0.9503930976913908,0.039097460240837885,1.0
0.6617172533604985,0.42338926586540615,0.6672632955038243,0.31108838679132866,0.10246963627160874,-0.8974103910162022,0.2955986795337217,0.0
-0.9475178622084943,-0.8605908320274378,0.7178528987158331,-0.0982519093424172,0.2373398005817587,0.36965806077079183,0.8929553737323932,0.0
0.37846101196425797,-0.5387652262695857,0.9240121713810276,-0.3932308615410303,0.21617052690385302,0.7831342947037183,0.43051186892897536,1.0
0.36492492778125274,0.5963218281622429,0.9080260660999718,0.36586162754753526,0.2053997144567964,-0.7915139945169379,0.4443667666164697,1.0
-0.8931062701588715,-0.41652676754316675,0.9404732968002584,-0.0766361484887883,0.35954718611826714,0.19386575306006232,0.9095431773641621,0.0
-0.5773340220210512,-0.39838398117433704,0.90406994683095,-0.1369658318810551,0.3880229998903913,0.3033700409785549,0.8594446641232126,0.0
-0.13731931417829735,-0.6883017457134346,0.7614294563457795,-0.255872133230587,0.3168838338910002,0.5737609203807554,0.710571948150501,1.0
-0.16810588086065215,-0.726211367917323,0.6377561585780215,-0.20146611523670213,0.2599121796947581,0.5785628725822972,0.7464060997386559,1.0
-0.5269782662903408,-0.034957014710290224,0.7363137127367891,-0.02487040914557782,0.4582490081598357,0.04814911886977422,0.8871702044261421,0.0
-0.29263046569300544,-0.44440801277368847,0.8064222074965978,-0.2335223018128812,0.39955015760745755,0.4473109029045911,0.7653365026277977,0.0
-0.8521298536838784,-0.691696408229298,0.7229695402162817,-0.0895988423217037,0.2631416560152816,0.3096205258897072,0.9093204310208404,1.0
-0.7102580221858541,-0.12926588208013712,0.8275567545871098,-0.03158636637047846,0.4033460452049735,0.07139684339174777,0.9117108971766827,0.0
0.3882573560857061,0.4703457530539634,0.6486714467206423,0.351055796968372,0.1698055037448244,-0.82894840990825,0.4009619084444949,0.0
0.48943457927071066,0.125161709426173,0.6173500797414359,0.4197591261776354,0.05743220782369444,-0.897455331385026,0.12279147227587678,1.0
0.6941704290763611,-0.8561705840409459,0.902849963988378,-0.3009317390257469,0.13668817341264905,0.8593093544974487,0.39031252217835843,1.0
0.5575184704808458,-0.8257931414893183,0.6815102755049283,-0.2672758320469072,0.13578496300910403,0.8505377817330319,0.4321013252339122,1.0
-0.6858743482219356,-0.2782497328724338,0.8317352140171584,-0.07604668482260984,0.3576532932550556,0.1935756198989691,0.910400737550247,0.0
0.2269368287722484,0.8649363616094938,0.9100943823998457,0.2822368079199593,0.21608640502845106,-0.7421520646213573,0.5682071477861651,0.0
-0.2122752996241415,-0.36090405479540144,0.7084613086986877,-0.232841840983547,0.4151437940141517,0.430212576117296,0.7670446184736897,0.0
-0.8402024505661603,0.5662860046690599,0.6069752765809121,0.0807480679512235,0.2608980689534567,-0.2844232245873766,0.918975177278375,1.0
0.8344885898990675,-0.6308675730398949,0.9029047124527367,-0.3063493460376269,0.10052155490738961,0.8994154239782759,0.29512266990405395,1.0
0.6314878853316968,-0.7604194375609237,0.9989306720788287,-0.3422983474942698,0.1652651760656707,0.8329419292157496,0.40215296273559925,1.0
0.5709309687430848,-0.5646895158097454,0.8073048496576518,-0.3391330355146095,0.12677980149986282,0.8731392576950769,0.3264100225575068,0.0
0.8590709869477686,0.2635577049944393,0.8912754822174921,0.38862639971750756,0.06797914324374814,-0.905141081907263,0.15832870671550273,1.0
-0.9069952208401442,0.8405453695237781,0.8383024231508875,0.11993404021549041,0.318505621399261,-0.3313597951658308,0.8799833414800069,0.0
0.40472131124059896,-0.2123545839085763,0.8878808241123743,-0.5099652963325632,0.13011581517308574,0.8239020859951244,0.21021566038515574,1.0
-0.8646341985721706,0.8788198188369121,0.969699748041786,0.12846801040827066,0.3099929059200248,-0.3606503152565837,0.8702480788179461,0.0
0.7380284166810871,0.6611132760406304,0.8140114389818623,0.2883659336507672,0.12474712131123933,-0.8713229723404685,0.37693437347375397,0.0
-0.8560944316015027,-0.6507908757027305,0.862997628930521,-0.11755323932386065,0.29331372389155247,0.35295057275020375,0.8806668998529696,0.0
0.4806944204494088,-0.9718062581957903,0.7488336693230158,-0.23597064588125696,0.1380471432107571,0.8302635414808742,0.4857193554115049,1.0
0.3196098097702551,-0.034309046286485456,0.9463523056294147,-0.5660649967680589,0.03225165590359137,0.8223957390846107,0.046856146458397675,1.0
-0.36897268424168894,0.1845210082595543,0.6804173577640282,0.11380598784813829,0.48309087050039906,-0.19906674740750663,0.8450111466990671,0.0
-0.18644994303417683,0.014470683522108896,0.9977350808922076,0.016909632077539087,0.6539939091690796,-0.01954859898228789,0.7560581217013529,1.0
-0.26746957039096375,-0.8467099643067522,0.8278587967092749,-0.21396620944926542,0.3093567953081793,0.5270686880759008,0.7620468702517682,1.0
0.3765166167291103,0.538201459529525,0.6280692822593826,0.3530740490270644,0.17913949820746775,-0.8189106362698002,0.4154914269750964,0.0
0.42094236759651293,0.9573058657200968,0.9142431179679545,0.30969345137294674,0.19918488504533338,-0.7819662171592568,0.5029355654234762,1.0
0.059342449962965116,-0.3413771710845215,0.9041224897111144,-0.45208331105373506,0.37236497035921307,0.6256340588192577,0.5153125587072528,0.0
0.39091920316445306,-0.7056103734471761,0.9029564209042589,-0.35962311769226424,0.1934992118849539,0.8038406098843258,0.4325153663420441,0.0
-0.10247218345175946,0.7083947235083232,0.6034624458008836,0.1941918356094226,0.23311810114857326,-0.6098714434126453,0.7321217824988567,1.0
-0.056313108306666804,0.4848964399575535,0.7083035307667241,0.34078123197234333,0.3707522432671476,-0.5846546306219753,0.6360738077771096,1.0
0.602477392311372,-0.5231207879563053,0.9786248251396508,-0.41799001041403017,0.1469696589965133,0.8457287372537494,0.29736706864026824,0.0
-0.3908362625626651,-0.881983130178952,0.6418634272381034,-0.1508706012057601,0.2325237398979606,0.5229767833982163,0.8060186450089931,1.0
0.12354815429257315,-0.9717741411410177,0.868564740314272,-0.24311936438898213,0.21114651688969335,0.7147933819535559,0.6207902578003668,1.0
0.16104976194082865,-0.14539384147635093,0.6428471303085384,-0.5605230830627782,0.21853264377915632,0.7442236820568685,0.2901524909808763,0.0
-0.6298026067177458,-0.42617502417912245,0.9436948975861966,-0.11563241821418976,0.41336232617983043,0.24331557247010738,0.8698035774510715,1.0
-0.8094559388225677,-0.09026851213684228,0.8156212554465432,-0.034294302385758445,0.35727087809676333,0.08918401545790593,0.9291004422960124,1.0
0.9826888166234462,0.17783479728537133,0.8531387388136387,0.3500411497169476,0.039312448014255014,-0.9300619325353139,0.10445346612076292,1.0
-0.2451683679193828,0.6476985482734625,0.9586574936465376,0.2466917981797362,0.3824511564096671,-0.48265837506100784,0.7482747908724603,1.0
0.45623052873200387,0.5069886540825579,0.7923216861577249,0.3692524447638637,0.15920113381767925,-0.8407760405033052,0.36249590444949836,1.0
0.10630046152505535,-0.9316234690092349,0.7910145136793076,-0.26377120356695843,0.25161683629493514,0.6737912047965307,0.6427434419740163,0.0
-0.31353536654526715,-0.1404061170206583,0.9018503077978558,-0.11603369152317006,0.5616681450115593,0.16573393281428428,0.8022451874736863,1.0
0.8491443025478733,-0.9458368128512455,0.7371401554756202,-0.2472737575785301,0.11327023895498367,0.8748802540999598,0.40076187788519135,1.0
0.09373667524782014,-0.7549771892513106,0.8112235901433078,-0.30780869753646495,0.26740132248698256,0.6893162455724111,0.5988267295663021,1.0
0.8936134434589695,-0.8474243200138176,0.6211941130626241,-0.16481792225216912,0.05999870260744068,0.9251071459205534,0.3367669472448712,0.0
-0.3489797782454427,0.027348852726414297,0.7525121432168854,0.00779734932000772,0.5712343774529184,-0.011202193410792934,0.8206735028148195,0.0
-0.35050205672886814,-0.2890709217902192,0.8099119521470018,-0.16619418857578158,0.4575020318449931,0.29825632105215955,0.8210447914052994,1.0
-0.7702082156892667,0.25509678843749395,0.9152247353237946,0.07134689678107718,0.4001007251639089,-0.16040097360920483,0.8995001710440326,1.0
0.1863899795496291,-0.35982542102812975,0.949350956749756,-0.4639745279861965,0.30111991972155017,0.6988256235501256,0.4535385090559033,1.0
-0.04128692301463355,-0.9892842453220341,0.852732928863001,-0.24279824772141825,0.24066104040414568,0.6674350760579664,0.6615600454852905,1.0
-0.7685961431489652,-0.08690257145300206,0.968112364979739,-0.020995394098989668,0.42588052241605995,0.04453842905348529,0.9034385991259726,1.0
-0.06970434453353302,0.5623442623462107,0.8255347768564416,0.2942870056709203,0.34155740687757535,-0.5826328717069797,0.6762193674443142,1.0
0.5498400400729122,0.5712942613688696,0.9758558451654685,0.3939593797730841,0.15857775482586298,-0.8398587965911873,0.33806257490529457,0.0
-0.18753507349672516,0.6211011988311019,0.8260670070184085,0.25773175977117185,0.348840482486383,-0.535430366132348,0.7247061341035429,0.0
-0.20999314564272864,0.44348059264444273,0.7744700467231026,0.25788484045581306,0.4190510239596121,-0.4562727041433237,0.7414221927048175,0.0
-0.6063574432145413,-0.6797853064287984,0.6711562674292862,-0.1235332355068632,0.2565430932765499,0.4158923182215491,0.8636890416472882,0.0
0.36196477039088215,0.5054991300191871,0.6677241770723797,0.34453902916470414,0.17909918670850516,-0.8176556724717127,0.42503592786660593,0.0
0.8823097496461529,0.9190713356477711,0.8648340054609742,0.25667993734216876,0.11634684475163685,-0.8738849313094188,0.39611103028404976,1.0
0.08423214298990156,-0.8528801930864132,0.9044567933300728,-0.30169707450770794,0.2793978851559195,0.6688025723857595,0.6193696926505858,0.0
0.1556411728629059,0.6533495567696865,0.66980553638648,0.2738818576854418,0.2339904686068827,-0.7092624388768238,0.6059570788681347,1.0
0.9630734892688706,0.8234927524492515,0.9148641025226874,0.2704196423849385,0.09041133850601245,-0.9090273126507504,0.30392162104218257,0.0
0.057618076969691456,0.12667532194910414,0.7710170312107352,0.5175688285630257,0.35562779290666385,-0.6414152861360354,0.44072418962800336,1.0
0.30478888617096467,0.2141591601867896,0.7869254132239516,0.49950037823896637,0.17381755459873854,-0.80155273571884,0.2789265883957422,0.0
-0.38927350473801003,-0.48628549449732583,0.6027336762382614,-0.15218743272871935,0.31268539952457214,0.4103146384671562,0.843035422567265,1.0
0.14192717132794708,0.8573769839790004,0.8019320121647613,0.2788504654607915,0.24679270311487364,-0.6949849670397827,0.6150867216826145,0.0
0.36990772615317447,0.8988524772087763,0.8578086514583074,0.315944307354891,0.2145318494908815,-0.764598768996163,0.5191762731997799,0.0
0.9898282667840228,-0.3132703051974959,0.9096927527027117,-0.3229890908540513,0.05192882345245024,0.9329954567967832,0.15000307357077602,1.0
-0.756684257573579,-0.7376340245229758,0.717335377189056,-0.11606301959837802,0.29055743104026843,0.35232544636843216,0.8820275135109286,1.0
-0.2856460134760219,-0.13459408122577443,0.8019023730647947,-0.1277211015394583,0.5380571931143651,0.19242769594925913,0.810649960828407,0.0
-0.9427600827348328,0.016971110559379943,0.8143752580404144,0.006732924159823322,0.3406737345934339,-0.01857722635915454,0.9399739150376576,1.0
-0.40376843609924773,-0.6841296478116914,0.8597420340189448,-0.19908250179600456,0.36252452105099015,0.4382517558421807,0.7980460686054658,1.0
0.09200287403254648,-0.5595593621843369,0.8215184173111203,-0.3124820675230045,0.2679528322894377,0.6918259175830161,0.5932395274297176,1.0
0.15303995079814148,-0.12718529673510837,0.8540608781591179,-0.5674512002497338,0.18487486690615074,0.7629154020921173,0.24855685098623387,0.0
0.3584308331276922,-0.6018326394519433,0.8053544557136241,-0.3306153526513197,0.1903097072066842,0.8011339244230963,0.46115088536464777,0.0
0.1691969692485109,0.6628248900030809,0.9384566211044374,0.33195381061326035,0.2577553753197306,-0.7167062681649143,0.5565078250000106,1.0
0.6888290110125386,0.20221509045250352,0.8207430316934669,0.4136022088429055,0.04871460990262278,-0.9029122810426233,0.10634619111520535,0.0
0.2124965488337094,-0.2741993377163938,0.6033883962350556,-0.45275285466470216,0.2275139526549196,0.7703285515023623,0.3870996986314641,1.0
0.3289220653309599,0.5554954212185184,0.6669213493770036,0.3523962750120196,0.1980435986493599,-0.7973650967457746,0.44811215212630184,0.0
-0.9635750753588819,0.10822396097845965,0.9939658077233979,0.021960063651133992,0.4074955552963911,-0.04912750603784577,0.9116203245697331,1.0
-0.0008892409929619483,-0.5621501500293071,0.7497147199187455,-0.3188030850731978,0.3216175503944247,0.6276702670618792,0.6332114813177113,0.0
-0.13166158715793985,0.3758745818541911,0.8613852645436875,0.30055014700184995,0.43617068278005977,-0.48126574043951925,0.698432553436296,0.0
0.4544295448792901,-0.2609377721793309,0.9580334598235258,-0.4543904441994837,0.11906005181574766,0.8539817315938518,0.2237615480501371,0.0
-0.9464594913297466,0.395381078780477,0.9276577626350819,0.08951931629093142,0.39147775440856447,-0.2041518857371916,0.8927785096898226,0.0
-0.026872196562981232,-0.11053185295297707,0.7033140722795023,-0.4009882591413549,0.48181450528996594,0.4984105847046284,0.5988740164486698,1.0
0.2958652225220133,-0.7259496218492554,0.7490138444614952,-0.30283785973257005,0.19680038395295713,0.7819020081607642,0.5081221203832099,0.0
0.759498297629726,0.37278721311646534,0.7379064081489962,0.35574769262923706,0.08267946172947273,-0.9067508191268445,0.21073831595107476,1.0
-0.9624023117805518,-0.8318205416471083,0.8546455498857382,-0.0918476371824899,0.24121265466082384,0.34379261996737975,0.9028771241046241,0.0
-0.1998337959105636,-0.6208410352969469,0.8126736235732059,-0.2573485055108324,0.34407570489265943,0.5408384735714035,0.72310262170657,1.0
0.04269860474849163,0.3113789762009336,0.8772512668618289,0.4313555732004032,0.35863830091845367,-0.6365586469871775,0.5292485498602054,1.0
0.758090867248131,0.12522300836778855,0.9249505074020171,0.40820664702347054,0.03477006540583998,-0.9089358435582015,0.07742098018412201,1.0
0.14750994260820116,-0.25083923234525507,0.7116030116654984,-0.48591828824057653,0.29720925077333205,0.7011616950583244,0.42886169774303706,0.0
-0.28630294321509875,0.3915982740086499,0.8818386683603089,0.22714889683480113,0.4336280428509242,-0.4046249353860468,0.7724304245586443,1.0
0.832601758159589,-0.9238271206778512,0.9426484216041616,-0.2829256769825004,0.11342696937663593,0.8840148955357163,0.35440802529429566,0.0
-0.3949779773569517,-0.8503549896066342,0.6271863836876074,-0.15640259208014412,0.2506834028824164,0.505696693892034,0.8105349557524159,1.0
-0.8734409001344676,0.07209464395437593,0.9898879965915716,0.013572183859443416,0.3723940260735337,-0.033798333296216274,0.9273597779914912,1.0
-0.17746336021623654,0.5896912016987468,0.8610165238264105,0.2798899269632354,0.33600018742922283,-0.5755929407131771,0.6909835522161138,0.0
0.17460707955059251,0.9467358909843737,0.9624582073929745,0.3072462320214312,0.24857847920874457,-0.7141341529496011,0.5777723636293592,1.0
-0.7275402534463855,-0.13057029728098368,0.802044786338739,-0.03468237217978668,0.4122509252076333,0.0763225130251295,0.9072051486466345,0.0
-0.35546486898406693,0.3374566630140521,0.6487280729016276,0.15210220463985044,0.4220588577651297,-0.30300350960251826,0.8407854144157402,0.0
0.9170340079297095,-0.13854559916376696,0.666549304457629,-0.2941113975078436,0.004514651948623283,0.9556479029847683,0.014669331770091902,0.0
-0.6497547140427629,-0.16052579644994447,0.8929781679356759,-0.037548107272847075,0.4080783102756069,0.08357796004652583,0.9083374686300757,0.0
0.06032118319778368,-0.8438179226311826,0.9205526478232535,-0.2974440566436672,0.26782211533827716,0.6810191243597136,0.61319760270195,1.0
-0.8485789218828039,0.09160556762521521,0.9078286062924372,0.007909550043167509,0.37270187477729366,-0.019688006993923046,0.9277085393248315,1.0
0.1751182569331582,-0.8905396804963197,0.6267046720332695,-0.2431560585649902,0.20055289451663422,0.7321298041609202,0.6038539703797859,0.0
0.12948014967915733,-0.6062046844318298,0.7502861404165384,-0.29893468379620325,0.23963671411845386,0.7207091369750485,0.5777461725973225,0.0
-0.3360916125189055,-0.6987220429727006,0.6885321838593157,-0.19536548900635878,0.30196688935629107,0.5068543775629845,0.7834200427503955,0.0
-0.7942100223103183,-0.38081730035320227,0.8933074837504298,-0.062341716072826577,0.32559304881721984,0.17742109272249387,0.9266198966437958,0.0
0.9854029529508979,0.35882269129571265,0.6515139738760918,0.2714305657458196,0.05235405420513473,-0.9436400029018643,0.18201111479950774,1.0
0.21363229626010471,-0.227379290807038,0.6119216405157505,-0.5052369410908634,0.2193659897342661,0.7655853767646403,0.33240521474428947,0.0
-0.9967246856644936,0.22759756055181413,0.8506083044649477,0.033980740064681526,0.3524171408395509,-0.08975999085632119,0.9309084875478394,0.0
-0.9095476536551059,-0.9363697803531672,0.8701727728870408,-0.12429355509509538,0.27110521478912525,0.39779102384330334,0.8676493393218607,0.0
0.5107640327724772,-0.07996723921370852,0.7000253180547676,-0.4042345015593548,0.022797274514059433,0.9129206013231415,0.0514852183018029,1.0
-0.6402951820720546,0.19609070384574445,0.8996397036848403,0.06643833032444377,0.4274319676036073,-0.1384787221769485,0.8909048797927018,1.0
-0.7580262147727328,-0.08859324660338852,0.6612035328464535,-0.018183962795166448,0.33905956275139043,0.05037195793344848,0.9392393849588351,1.0
0.043976882807986284,-0.33621501886068916,0.6833303904505346,-0.3881312307332982,0.34403852434142784,0.6398113023764521,0.5671270923256765,1.0
-0.7625805916950466,0.5713374095790216,0.9569488651636628,0.11148112934441072,0.3885779397187438,-0.2522325517556248,0.8791802331711497,0.0
0.28849856679791586,-0.45331055022651134,0.7360113226547212,-0.3982009313964585,0.21401465179072843,0.7856955224738988,0.42227513900104696,0.0
-0.8122754721753793,-0.4610513881655156,0.9375886440633826,-0.09778329699963784,0.35857932772884243,0.2442429421539125,0.8956587953910867,0.0
0.11965136651657127,-0.8595550520760817,0.7322756624079206,-0.23878179376294628,0.22539480359010167,0.6868766861643183,0.6483678396449456,1.0
-0.9583241594632195,0.584437888778619,0.7408531465455735,0.10705677805989518,0.33413206479846486,-0.28572571890714743,0.8917709476653423,0.0
-0.40868749711744323,-0.6333890850994603,0.9347608736455534,-0.20000628159188427,0.39326211764189134,0.40681618958746724,0.799901857755773,1.0
-0.4243278637957977,-0.007914371750068483,0.8205438420219844,-0.011083425314887868,0.5276161228101052,0.0178393005108384,0.8492232592147988,1.0
0.2729775222417834,-0.06551992141199725,0.8532986868400605,-0.5893698160144454,0.07622301185909675,0.7976165840507144,0.10315550049074743,1.0
-0.879278416061513,0.4261998150111461,0.6913752027172343,0.057547202904349275,0.3127726241461042,-0.1715586443455886,0.9324318937986567,0.0
0.31985966337938976,-0.6346911737560867,0.8805919342668874,-0.3610195526825683,0.235519963917282,0.7557298386763842,0.4930189044158923,1.0
0.846138828219716,-0.06959179082208866,0.8852892262917123,-0.38734608131494147,0.017639251541372882,0.9208113424155155,0.04193258606328898,1.0
-0.1373652952758484,0.5478088146084172,0.8012613526356303,0.25889778893762955,0.3449127779851114,-0.5416194725812571,0.7215645898924093,0.0
-0.8327103489719425,-0.37574718342917524,0.6632546295343146,-0.07569743691585193,0.3324491131654745,0.20871040075795,0.9166173977267267,0.0
0.31191182747135104,-0.12735278300562114,0.9497160746951646,-0.545115218523514,0.11496568209727533,0.8125663536441325,0.17137155948245444,0.0
-0.7525992987936365,0.1658060627322142,0.8742157724699509,0.039196690508329496,0.3891032962220079,-0.09224645932675979,0.915725305462309,1.0
0.6082777373462456,0.6747823114089739,0.7224380543426567,0.3317687088967562,0.1452092310344762,-0.8539095466582847,0.3737409385459378,0.0
0.014722077606741824,0.9310721195470224,0.73753738285301,0.23581882854335048,0.23285575954724574,-0.671350473584445,0.6629149394666398,1.0
-0.8813913575468699,0.6310449380951062,0.8030265286589574,0.07756388623232588,0.27992006721509477,-0.25551806287618883,0.9221383405253443,0.0
0.32988840012772735,0.14437162532609027,0.9932787903088651,0.5581528507179611,0.1068423522375727,-0.8081574489111492,0.15469856099259482,0.0
0.005660954065940693,-0.30035859754001404,0.7352361741665718,-0.4084269413992333,0.3724269941632967,0.6157864510013463,0.56150922906122,1.0
0.9875598356613282,0.4384218048467039,0.7049070223978843,0.26383928323330713,0.06139953891467039,-0.9375577327063073,0.21818438781592306,1.0
-0.6657233234784503,0.02180311411809832,0.7842124109740864,0.005855076985518644,0.41249927950004,-0.012928704783288872,0.9108473588247749,1.0
0.6320528509707712,-0.10783851220364005,0.9517064198569395,-0.486793168776152,0.06008373766670064,0.8648853273650808,0.1067507649128042,1.0
-0.8614132860133474,-0.7701045104387334,0.6198795393262311,-0.09448096111458715,0.2538864766888022,0.3357301404536012,0.9021642188273792,0.0
0.1273032348123997,-0.49542459321426313,0.8140197797506382,-0.38425838325624884,0.2747233139388218,0.7170043582197972,0.5126181287952878,1.0
0.6691962336451025,0.7377550810513986,0.7912097431475666,0.271258458478154,0.12025192169019247,-0.8730249081462048,0.38702174847181686,0.0
0.03978309374432509,-0.7297409470378122,0.8125736217530068,-0.2821070241214754,0.2729797180404379,0.6609494753885492,0.6395650799281414,1.0
0.0015475919478260547,-0.8899498021087724,0.7161789997261649,-0.21913004866730895,0.2283459633358722,0.6568069938806987,0.6844302123581886,1.0
0.9467242972172538,0.38279038660726905,0.6380979134966229,0.2695459722094923,0.04901771859478245,-0.9462204477753691,0.17207293901477452,1.0
0.3998728542562624,-0.1525048533170077,0.6309104060042521,-0.4522813406352487,0.08089533905350749,0.8743238302699847,0.15638213726197545,1.0
-0.6805927428488943,-0.3164371215905535,0.6904401419482581,-0.07638684299340767,0.34736458068911213,0.20072915158242285,0.912803760950391,0.0
0.032420099348901,-0.9263241099380026,0.9535600197766941,-0.24454018841236255,0.24515874615642266,0.662523176520498,0.6641990108449771,1.0
-0.4873655560037009,0.08209558350549928,0.676536569666908,0.035361063364669224,0.4265135453863979,-0.07467451114802592,0.9006994549706625,1.0
0.4587130691152015,-0.39041856137018716,0.8212288228672007,-0.4359161616966506,0.1560215537950957,0.8345178625628884,0.2986876492031298,0.0
-0.4162604980505773,-0.00758477795709811,0.9668487109195071,0.003945515813966029,0.5314126460974378,-0.006289217573033108,0.8470805618210114,1.0
0.904949331560406,-0.8281830583379295,0.7910312427029045,-0.20989118550844554,0.07919433169399392,0.9117694406030735,0.3440209808365757,0.0
0.9741749412036447,-0.8406136767959531,0.6039360092037639,-0.2102031088496136,0.07748710724066768,0.9144305640914533,0.3370862570571773,1.0
0.02807295788122932,-0.9147127198117906,0.7650712100056429,-0.23192012379748142,0.22110252276093523,0.6856224680422505,0.6536425337462093,0.0
-0.04519809341016878,-0.4291361582353379,0.8665903623676867,-0.3498327291397823,0.4034450036758184,0.5538987036495975,0.6387843272395825,1.0
0.8739940638112518,0.9459601485561961,0.6766130526681193,0.18211087543592974,0.07680590415913079,-0.9032283227898155,0.3809397315121574,1.0
-0.32924389057168013,0.620643952231791,0.6339870293187032,0.18969676047391434,0.3154135254238206,-0.4792116393131159,0.7967971208483722,1.0
-0.8776162669183891,0.3816559995787838,0.9596243041724097,0.09380371101938552,0.38738562841950885,-0.21584197023378965,0.8913728078523653,1.0
-0.3281229528318368,-0.6365889274048053,0.9730144882594736,-0.23019200315294885,0.3685139826621579,0.4771622647999636,0.7638882505431518,1.0
0.5937559769838963,-0.30395245855450503,0.8970272777870587,-0.3993410517652969,0.09907446245928687,0.8846154702213624,0.21946855152487738,1.0
0.11270348848922485,0.6877352120769042,0.7412485038389638,0.2997662419635462,0.26413060812133216,-0.68781111512885,0.6060454536895032,1.0
-0.9069002315239421,0.7084567618072433,0.8916451069854163,0.1165049435215024,0.29648247544522344,-0.34668039824505903,0.8822343460564044,1.0
0.875964810283786,0.2966063461494983,0.6325483450855675,0.25085928520292766,0.04337546603593175,-0.9529115807577176,0.164765613012757,0.0
-0.10459548881966985,0.9277197870281322,0.9389395435060736,0.2687959825560522,0.2982327557483527,-0.6131673340342438,0.6803173991849745,0.0
-0.9288261362002244,0.3393552402189344,0.6082243913991312,0.04978501512173951,0.22030238756388207,-0.2147307397055436,0.9501994631278695,1.0
0.6294921942475278,0.581519044758863,0.9987432502917193,0.3837127724648389,0.15420123682485257,-0.8448211284086279,0.3395051513650497,0.0
0.8999188685206942,-0.034996810689441826,0.8848346160566423,-0.3947140787118947,0.014413143703656624,0.9180790798845888,0.033524027703495926,0.0
0.8822992511645638,-0.7826596155374121,0.9982625645148621,-0.3153251276577921,0.11152731752263707,0.8884720976483073,0.3142436204829284,0.0
-0.791639166347708,0.7648050665402768,0.9699628872487879,0.1400130498393319,0.32392140618612575,-0.37123993035754016,0.8588668014291975,0.0
-0.6428970172754807,-0.1539667180585631,0.9687714303244053,-0.042241042129157434,0.469382135867081,0.07905281421849729,0.878434264730626,0.0
-0.925859372699452,-0.6973592563627082,0.753166514397657,-0.09554798297981704,0.24738987381539754,0.34738554920190906,0.8994398887573191,0.0
-0.8133558717083651,-0.7948320126828139,0.7003002399546917,-0.1081180722785688,0.23731647208733392,0.4002416143049652,0.8785203610055622,0.0
0.3555378358050809,-0.4142210060583693,0.8383036396237373,-0.4438109577320386,0.2037937593626899,0.7930283407689147,0.36415105132224307,0.0
-0.09524495339721817,-0.21458808025100407,0.8246622092897511,-0.35050356129202603,0.5003285691775191,0.454258806773368,0.6484346635207124,1.0
-0.8251246545015822,0.4511477305575078,0.6589955904433231,0.07781675410425523,0.2962289694103734,-0.24186092691304573,0.9207042100998064,1.0
-0.2080625678404937,-0.012925029664352605,0.9714423480484964,-0.010373556914042683,0.6543441303624529,0.011985632080484844,0.7560307487138257,1.0
-0.2013621081503354,0.23472032790814223,0.9473424461836452,0.24230750518940633,0.5208621728041475,-0.345252754491129,0.7421524138523814,1.0
-0.03214588313080369,-0.14741674167043795,0.7433078582139477,-0.3660582867700044,0.47640365438104065,0.48706347402993194,0.6338848957384086,1.0
-0.47013206271277985,-0.26740320311772625,0.9055729565982182,-0.10518492428187119,0.4623990398914987,0.19528397858286262,0.858479718642255,0.0
-0.5408173939691296,-0.6023687879412849,0.9753548087802539,-0.19261377847134226,0.40293996810515553,0.3858780094828899,0.8072406557179412,0.0
-0.5486375432400341,-0.18854231087002415,0.6131986092795632,-0.06661261903636045,0.3967229173796661,0.15159991197206726,0.902879367634982,1.0
0.1071832710548748,0.4140927348606407,0.8430476512754582,0.4349729683500261,0.31372954806649395,-0.6845424939687925,0.49373460626711846,1.0
0.11003264607500252,-0.45381093860959454,0.7953016148064693,-0.3988376455115391,0.3099518279642247,0.6814631286019946,0.529590786570564,0.0
0.8786871779339529,-0.6583174132252569,0.8998245264072295,-0.3180552605306118,0.09689585823488683,0.9021702321415759,0.27484707774205014,0.0
-0.20914846633677486,0.7605276950483058,0.9742607708349607,0.25010908198272064,0.3549679029668647,-0.5188448075418565,0.7363717136473409,0.0
0.2856896524353112,0.618738904827308,0.8436125646746221,0.3497876512495165,0.23672645582005492,-0.750673128755074,0.5080344849646433,1.0
0.7000941330735846,-0.4748466015265882,0.6558355878623253,-0.3279973766784109,0.10675936347245185,0.8925377659088946,0.2905107495935338,0.0
0.49438326718229586,-0.9656982858305687,0.8938496278557607,-0.2954026093103363,0.1757221064017704,0.8070745719215018,0.48009340246674337,1.0
-0.5818790970850802,0.5976643424249051,0.6235693967708981,0.1353306900047186,0.3152221905446543,-0.3705605911367605,0.8631369666671976,0.0
-0.5881456361732256,-0.23973464896221497,0.904825181011574,-0.08815601032425459,0.4099987876706215,0.19083286739725766,0.8875315930564226,0.0
0.3151169907951019,-0.7053902078934806,0.7604483808796504,-0.3232439234264584,0.21679854683076302,0.7650147975606127,0.5130926968621109,0.0
-0.5591815915646703,-0.39940456578921446,0.7549513825176577,-0.10644681941033432,0.366447097483176,0.2578442707087546,0.8876384012908917,1.0
0.6650958003821745,0.13214397357845953,0.901058932672229,0.4461719774806778,0.02025709336013451,-0.8937972178664019,0.04058016774066069,1.0
-0.46920752602722016,-0.31889234882190465,0.8761119057832688,-0.13280518521972803,0.4742963189020876,0.23466002914126358,0.8380575489655256,0.0
0.6916326064899947,-0.5839761591636776,0.7561170791847305,-0.3299419880783369,0.12284599729273281,0.8771483686371304,0.3265851877371189,0.0
-0.6502738984634415,-0.5858518269551818,0.7388795796280956,-0.10718297612407297,0.2897143955948363,0.330006885750923,0.8920049517638804,1.0
0.386667273504095,0.552956513746163,0.7186627341343346,0.3298792039858499,0.1682570191489481,-0.8274848953511321,0.42206401676818944,1.0
0.9647390312030333,0.46673781642291057,0.8976622984247631,0.35371878773117066,0.07714614466284911,-0.9107553223600754,0.19863593421746464,1.0
-0.9078600753991657,0.2930122200972727,0.7498865729355675,0.053116032535794847,0.3304065508069875,-0.1495703008087702,0.9303971858230549,0.0
-0.5274607423778328,-0.7349810917162658,0.6711774722805152,-0.1218370048554967,0.2393139718881119,0.4370308374452098,0.8584221655041978,0.0
0.4304854048916249,0.9479400659550674,0.7593690051911028,0.22711069551448818,0.1541171315284193,-0.7956878987860126,0.5399531548920494,1.0
0.1826777601153824,-0.11792618731705318,0.7188935078747563,-0.5738078754368658,0.18085182931714266,0.7618289584187796,0.24011200726708914,1.0
-0.7428075830171257,-0.3914599863882118,0.9529304537939784,-0.1003431114991555,0.38390305225612587,0.23212055068969487,0.88807080595559,1.0
-0.8217878601213779,-0.008401329192849083,0.9645799135670992,-0.010247082236279436,0.4537704207873692,0.020116857455930292,0.8908325962660969,1.0
0.27345536614574106,0.3305922400187098,0.7888060276972562,0.4334661656548038,0.19822635531639726,-0.7994681455793419,0.36560098398996127,1.0
-0.8683010948794976,0.05600431432550579,0.981518104636652,0.006703369893788745,0.4047654715754281,-0.015141345789818529,0.9142705931506611,1.0
-0.8001575343941834,-0.07615131142026299,0.6148083701360725,-0.011693355355467533,0.31074646569443276,0.03573893989492724,0.9497487181745161,0.0
-0.9134882288979791,0.5666760877829422,0.8024622538110285,0.10896680779601843,0.33793734268060127,-0.286890394709064,0.8897294468794416,0.0
-0.1375594413573944,0.9890066149472407,0.8301616873117449,0.22253087460577206,0.26921068014481747,-0.5969926849688008,0.722222509782752,0.0
0.4728972883848144,-0.652060924000017,0.8739277966773763,-0.3324518073399699,0.17254045835158022,0.8229688231044905,0.42711579486858625,0.0
-0.24669078904722497,0.09872323859995125,0.6656524653822147,0.09700815344686722,0.5237496339833897,-0.15413459367204435,0.8321768238185009,1.0
-0.12134031589343564,0.3575911648006287,0.6860622558427671,0.2953264440357809,0.4225550556996875,-0.49086818242984503,0.7023374857102782,1.0
-0.6573182524167118,0.5884110161957474,0.9557088407275256,0.14509254084282167,0.376223453871303,-0.32927425842106706,0.8538047376831416,0.0
-0.006981978476473083,0.1970310458296194,0.8251795931835191,0.4281760869444006,0.44841069353968804,-0.5418432689336681,0.5674495223361402,1.0
-0.9436424280774136,0.36808418961311085,0.9129785070168501,0.07182508994673428,0.3682619776181148,-0.1774457314011316,0.9098006840525326,1.0
0.6400914838523974,-0.24608208613035942,0.8846110004213972,-0.4193764190750535,0.07153461064017541,0.8921046024334803,0.1521696320602295,1.0
0.886422331542049,0.6105871818063349,0.7547409104617464,0.26829878155979564,0.08084141130523972,-0.9191212399901372,0.27694146715632684,0.0
0.3231368658534213,-0.433288451567611,0.6909462508251785,-0.41973972775547425,0.21952125839779704,0.7804115829494875,0.4081503880354436,0.0
0.6261755335270569,0.9821751679591362,0.9077836250258733,0.2542109817727805,0.14188837764247383,-0.835369911603198,0.4662634189212907,1.0
0.934539358829976,0.7240986028411351,0.9440017797656606,0.28420227144049093,0.09255734370881097,-0.9073787238272595,0.2955098282278417,0.0
-0.6362930269892233,0.6801889013517437,0.6982731651945567,0.11978571706922389,0.28906768431505775,-0.3635963657131795,0.8774331534146119,1.0
0.7617219895239524,-0.3842791398181955,0.6082987247739646,-0.26604551901793766,0.062126770970267954,0.9367541796274566,0.21875020706224474,1.0
-0.8210725104677508,-0.2719879385937847,0.8830746868951924,-0.06454449342662832,0.3964787767463547,0.14714542868508165,0.9038732271591509,1.0
0.4658923369267012,0.630482756664555,0.9591222971229063,0.39355918296969533,0.20364582854493915,-0.7961844410016221,0.4119828660556234,0.0
-0.9612420101625372,0.01486579344759198,0.9551702042200506,0.003558596973048418,0.3864803742904889,-0.008491820607338052,0.9222516715401712,1.0
-0.13966346947188546,0.25657331901687175,0.7075440362766042,0.3079870474191293,0.48866887512211526,-0.43524608623676037,0.6905849357787325,0.0
0.8611180956656221,-0.46098966534743857,0.791097508679081,-0.29260791638826955,0.07386586340515773,0.9243768085045941,0.2333494319452845,1.0
0.7475651749501606,0.039368429509188285,0.9290695436539851,0.41957271332219426,0.01816410055440047,-0.9066907165716143,0.039252365143443754,1.0
0.33054542585571034,-0.9704810252094436,0.8715781457003839,-0.2532027380072828,0.18525185976388897,0.7663103289989193,0.560659077862121,0.0
0.9292014278883751,-0.022626362415422818,0.753920620638835,-0.338238819114033,0.0031304617277176667,0.9410147980732503,0.008709262935284597,1.0
0.38059625034084177,-0.3290703629842946,0.9003835754620809,-0.4882982586645657,0.17019102896191224,0.8082351546764608,0.2817015424010953,0.0
-0.5355713140640945,0.48556075486907657,0.6648482196031799,0.10546843210728635,0.29070482790405877,-0.32433307279933843,0.8939659785196759,0.0
-0.6849708152730272,-0.07252738051203322,0.950720848298519,-0.030874952976848162,0.48430814389679155,0.05562760706124099,0.8725811872637195,0.0
-0.5659818978440949,-0.3121869848038443,0.8811261528586849,-0.08650306019488595,0.39480113433723174,0.19576843712419906,0.8934897894933683,0.0
-0.2833052177597022,0.6420203935745106,0.9977407315621096,0.24512694542744973,0.38875399340613753,-0.4737023476722318,0.7512584102996817,1.0
0.7821335063726231,0.9814245101841967,0.8859012668734528,0.2447453143617374,0.1155026730863848,-0.8706031278620879,0.4108637941759081,1.0
-0.004919387093858196,-0.8979183366975187,0.8123600103083584,-0.2540961164714197,0.2615371066058843,0.6488508203823266,0.667851868569331,0.0
-0.4671448379490526,0.9991864862372886,0.953895319834684,0.18618831076784004,0.2955003881312832,-0.4995132219318566,0.7927799030392578,0.0
0.5125572322906682,-0.0016869198319118262,0.8466683759428119,-0.4755281669881151,-0.010976921590298418,0.8793977437384468,-0.020299701994190247,1.0
0.19357210340225128,-0.39224897898684796,0.9132015246662015,-0.45623394462155886,0.24615280409539836,0.7525869222901067,0.4060447133123763,1.0
-0.04672589913521419,0.9031745414560948,0.9459938750420933,0.3071201180182445,0.29038869086565977,-0.6585265897241536,0.6226510836351803,0.0
-0.36852640539027903,-0.5762547394173703,0.7909244000872513,-0.18746448824014594,0.3449826013383847,0.4391208394182326,0.808094647186385,1.0
-0.41059845187993926,0.7315986968892605,0.6169943256216106,0.18195934904395986,0.2864592114012367,-0.5043577425421644,0.7940120799059999,0.0
0.3382849890167485,-0.8791068811356304,0.8116510723007617,-0.2543170603380883,0.1857044460660021,0.7665191764580617,0.5597187183348145,1.0
-0.6189505374623119,-0.15861394710097043,0.7482122672706445,-0.03830805873550988,0.3824422987046798,0.09201212340285941,0.9185881285670386,1.0
-0.6971386775169786,-0.856933239112869,0.8377563717568797,-0.12207613935774361,0.2778189213649237,0.38331560716227414,0.872343515157278,1.0
0.8875376390335239,-0.9296822075658357,0.703669742848545,-0.2199121277675514,0.08858029351183065,0.901133278724353,0.362975208020608,1.0
-0.0032115319067937964,0.15824425306237977,0.6969881691043011,0.4312630356315679,0.43805903562017245,-0.5533489729931411,0.5620688476484046,1.0
-0.6714378998996169,0.2912542491060539,0.7222779428298052,0.07188813979193927,0.323963143776163,-0.2043571400387965,0.9209332962528195,0.0
0.2816714230109538,-0.02497377814262891,0.8402745672608936,-0.5929991168538904,0.022215608478683004,0.8043323489851512,0.030132814778198454,1.0
0.6775914981134481,0.3792001631168469,0.9043726552995813,0.38864830498709574,0.09879762830099299,-0.8878362104065409,0.22569534147542486,1.0
0.19613181870275076,-0.4023352037456138,0.6336237835592667,-0.35714530274245926,0.2361761610252284,0.753787014617794,0.4984708519923468,1.0
-0.02822707385327683,-0.6886291875642816,0.8206048017592542,-0.2906922479098747,0.28620312373573825,0.6505990071485782,0.6405518877236207,0.0
-0.897122440420318,0.6640195270531268,0.9878385391404623,0.11298931617436583,0.32054829103586185,-0.31264932130485457,0.8869794864775913,1.0
-0.5964427398418182,0.025252596738192024,0.99117352215146,0.01720984897694017,0.5085184500682277,-0.029118160469289937,0.8603865060362599,0.0
-0.5949040597800153,-0.11357710616179761,0.6685943834417857,-0.04099125578569493,0.39606067881478024,0.09443466913505749,0.9124350655861706,0.0
0.5419464182640847,0.6402822358522124,0.7077701017530502,0.34247518256504433,0.16796903533455582,-0.8299437704571931,0.40705096778550487,0.0
0.10721689714228466,0.8108742177412733,0.6973046861577141,0.2661211895152481,0.22658794162463627,-0.7133741977112598,0.6073999269353896,0.0
-0.19677032528242488,0.7458706994311279,0.7458227430132525,0.22066723839569521,0.2934274930063548,-0.5590657088634226,0.7434055484188036,1.0
0.803875626703451,-0.8333336582239519,0.8489061565973399,-0.2862429879826248,0.12895825964622065,0.8656453794716262,0.38999076412041,1.0
-0.4216514702275471,0.07708656218964172,0.7915359914280906,0.05343407615736051,0.5248904083161532,-0.08603390438106774,0.8451230833789009,1.0
0.7045265551978364,0.8884484592309874,0.8052126458764384,0.30672739367806306,0.14644390426939982,-0.8486957359873314,0.4052012297448262,0.0
-0.6072446901867328,-0.5433286106469652,0.8855147735157268,-0.15888753061740213,0.3900760669551298,0.3421373892718528,0.8399627500463112,0.0
-0.12100498160922157,0.9824687919828605,0.910721433104273,0.21958739524868728,0.24199039210700432,-0.6351060953204475,0.6999016171310148,1.0
0.1535293999620264,0.8725719140097465,0.9522367582159194,0.27163618413377394,0.23098620714782375,-0.7117330957082648,0.605223228280471,1.0
0.543717073490841,0.27907752144998255,0.754301225017614,0.42816719038891,0.10168323423476258,-0.8736617330260413,0.2074814526553143,1.0
-0.6944646623480759,-0.37846316673659475,0.8230649806793067,-0.10319375556235227,0.3982018998159257,0.22865479537369712,0.8823283291091462,1.0
-0.8501912133376168,0.2994673985861742,0.9927378654123868,0.058732477202345486,0.37288533157457776,-0.14407891730069944,0.9147394663004605,0.0
0.9292351915525581,-0.8103513735711487,0.7965167721895349,-0.24906149727343996,0.09324644678797668,0.9027909372983484,0.33799703292972716,1.0
-0.24924502964309858,-0.1189690466170632,0.9076263224162998,-0.15840609203602846,0.5822608796275575,0.2093326577567967,0.7694541028922337,1.0
-0.08605843975862992,-0.8790739355684585,0.6466141683352575,-0.18526842424064038,0.20596750183980944,0.6425857122240516,0.7143784722475661,1.0
-0.5916560802388544,-0.8400451895772294,0.8508765393842532,-0.13736759979276708,0.25910523301457883,0.4478095201597386,0.8446663568569188,1.0
0.22512349432484124,-0.657067641939751,0.6045956992303072,-0.2753286635786593,0.19551753513854578,0.7674409492866648,0.5449783572063387,1.0
0.5737604701709171,0.962731644240747,0.7357106838011104,0.21624248315861705,0.12156127039683316,-0.8444576028148292,0.47471402240205157,1.0
-0.5462396441325537,0.802693804387798,0.8233377255491511,0.1752547305470038,0.3182079853683788,-0.4494676923976119,0.8160932856968378,1.0
0.09532320797530547,-0.9401705905524358,0.9432988777526118,-0.28743530427560565,0.28234442150225547,0.6529280655249838,0.641363792829272,0.0
-0.13059042300634727,-0.3113791298803339,0.9956231322295517,-0.33546351169478944,0.5045096815003141,0.4405068050139258,0.6624862023697361,0.0
0.6043303525811343,0.7417110400951425,0.7392988539000047,0.28010393107976655,0.13475411028240153,-0.856502586994685,0.41205149681450226,1.0
0.7558401225968592,0.5372762238054667,0.6615746738515403,0.2805413783372864,0.08490069344297174,-0.9150928072461605,0.2769360240558452,1.0
-0.726875948790173,-0.9610618750944742,0.8111349246840811,-0.1132188752259805,0.24806446505112534,0.39947313508632604,0.8752523760697625,0.0
-0.593464918999145,-0.6956086212619745,0.7003041308007564,-0.1120989677983358,0.2479823571359226,0.39636624352002964,0.876830869076631,1.0
-0.6427211949148695,0.11508046507784964,0.9555056301749387,0.0388433957372733,0.4381703805744543,-0.07930050993095018,0.8945442064646816,1.0
-0.020873082612479443,0.9609103918162787,0.9375158452147484,0.2637208288530291,0.2811193927763816,-0.6313085794136812,0.6729581628844319,1.0
0.1963632263056303,-0.5813039755764864,0.7189144576626011,-0.3542990597680268,0.23251356583683006,0.7572579373897675,0.4969607974574345,0.0
0.07408787438486053,-0.4541646666118788,0.7341012182071316,-0.3610482021706852,0.31867194673964677,0.6570741971119524,0.5799533477445951,0.0
0.48633961458158215,0.33423709697966064,0.7363256122712628,0.420263558219824,0.12935614034730775,-0.8583926522938294,0.2642112508483031,1.0
-0.6368728548565998,0.9364314554773787,0.6332162556943823,0.11809860971861745,0.22022040653692176,-0.4576114577732003,0.8533155598264508,1.0
-0.920793876446359,0.7085327342883927,0.8357656956970436,0.09694788996280111,0.2796274657715246,-0.31289959008775103,0.9024984396334838,1.0
0.1719091021842658,-0.4541368579437888,0.6499469822294212,-0.33608686972633006,0.240462700997181,0.7405817298135008,0.5298698018316764,1.0
-0.2880606209314551,-0.21144637346342754,0.6603617915413504,-0.14791703749460636,0.4470776873547577,0.2770996643242374,0.8375308158627572,0.0
0.9778509812150205,-0.11657061115992096,0.9579458634967918,-0.37258030851056456,0.022978119463257087,0.9259561412586462,0.05710642872306931,1.0
-0.31429021577865157,0.237540380911625,0.9894739642238487,0.18743197556209307,0.5108569005996637,-0.28898427566531,0.787643682171572,1.0
0.378898458673405,0.5219125233684072,0.7855440264598412,0.35691471442568207,0.1891405404670545,-0.8083049340555409,0.4283466775402046,1.0
0.8720696864774824,0.7468140256859348,0.6419993794985354,0.23542085430086312,0.08745948060482027,-0.9073591578302131,0.337086367737162,0.0
-0.3795070647414196,0.5328734698098396,0.6537945102184638,0.1688101520330537,0.3643717064134752,-0.3849843883906192,0.8309773840673466,0.0
0.1196793644366756,0.07206830717331747,0.7459711867808058,0.65050235156442,0.16970664507788294,-0.7163257488453453,0.1868790163895464,0.0
0.8466143733031735,0.29802956132685376,0.6040156962661933,0.28287767059576435,0.05652460529527037,-0.9389277085475417,0.18761649873129693,1.0
-0.8524621655721905,0.7956022432429444,0.6715919570988608,0.09692186530502565,0.24327237706806018,-0.35720027922495645,0.8965671548205764,1.0
-0.29875127170589244,-0.6176244622805862,0.7723447205593932,-0.22226329719121746,0.3412029528919013,0.49851532244074187,0.7652855969841186,0.0
0.9689424283014894,-0.8158277687371278,0.8096845607400865,-0.2895334707214285,0.12272269075991546,0.8739977201438853,0.37045579451257166,0.0
0.7714186700187096,-0.2935737199080064,0.9135109109354403,-0.3969153778249746,0.08233395005656702,0.8951001192625389,0.18567466173479133,1.0
-0.08224473242003105,0.7009729222325007,0.9025580358217369,0.2674427671618555,0.29545806741031555,-0.6154899091471984,0.6799640199546918,0.0
0.49891111865804616,-0.01613181987507528,0.7911282027448805,-0.4854853694429483,-0.002594841841622875,0.8742284538685821,-0.004672611604832411,0.0
0.33033282589735347,-0.045673097705927646,0.935275782170556,-0.538994418811864,0.057268854186472436,0.8356564518411502,0.08878957892731032,1.0
-0.8459901256656459,-0.4134421102745083,0.8419915059188166,-0.07567314477584745,0.33611891121881415,0.2061927712362572,0.9158505302562886,1.0
-0.30685448112026914,0.1076568655950354,0.7571415708213378,0.09804325976751022,0.5258867198452949,-0.15484736104354288,0.8305738810499447,1.0
0.3677318291525289,-0.6375163355396347,0.993916059984831,-0.3942707848973475,0.23210074470499442,0.7662832613243237,0.45109838826798626,1.0
0.731731009345046,-0.07269489195145917,0.9504697281529113,-0.3867646894379149,0.019454733008342297,0.9208090186321465,0.04631781054055542,1.0
-0.6684648479506776,0.5492911941347995,0.8488694139557095,0.1282383929826513,0.3461122941466733,-0.32289736258097734,0.8714921041776585,1.0
0.7759301655303381,-0.4928003165190489,0.7192013474489874,-0.2964062555879382,0.08275025994659463,0.9164268625433637,0.2558466957692355,1.0
0.4765781090766932,0.46990850476647394,0.7497010371649702,0.3628831233958748,0.1593709694542847,-0.8406092134579383,0.3691786601352822,0.0
0.4983494671264317,0.4352408869407638,0.6232220245531976,0.35319784919732694,0.13065457071647663,-0.8688397585528905,0.3214002744725498,1.0
0.008060762401421506,0.32180255880945774,0.8639548110885575,0.4261600088363993,0.40556679809522456,-0.5857747543439901,0.5574685249631459,0.0
0.797157026106202,0.7153668531889141,0.9137417359517683,0.3453822805542284,0.1316624342975056,-0.8682338120304303,0.3309775389979248,1.0
0.6836108949237827,0.18262334493460397,0.7574710601341196,0.38197540317522793,0.04482675222054766,-0.9167931472192158,0.10759032887004777,0.0
0.3462408243132338,-0.9668254345179743,0.6527155913142757,-0.20199924761417928,0.1421109098065001,0.792538991323763,0.5575685971329327,1.0
0.4005639078378731,-0.8978989300490288,0.809697712478507,-0.2509453790004276,0.16056500812470775,0.8040835172468186,0.5144851720081245,0.0
-0.7464983601340343,-0.9539317609324562,0.9273030602485528,-0.133268812954215,0.26857449684304496,0.4240452986419466,0.8545716750740935,1.0
-0.9435513012019947,0.7749121207067793,0.7761672260544601,0.09367434494548461,0.25159947943980543,-0.3361071072063105,0.9027484874149937,1.0
-0.8857517411191758,-0.6171455295650612,0.9888622782930905,-0.0990174446829745,0.3381767827936241,0.2629767139500002,0.8981510213476729,1.0
-0.8238707730503656,-0.8266850108366408,0.9276206694040591,-0.14195292371132218,0.3124479135063612,0.388515959313958,0.8551497051123177,0.0
0.769127344901954,0.736390420545,0.802111243193575,0.271452414892461,0.11196046435761488,-0.8837027924159814,0.3644829427367973,0.0
0.9312471659991088,0.6367838384015585,0.8924768040799973,0.30481393538212015,0.09297156045091137,-0.9066284117797525,0.2765315112205312,1.0
0.5709226371469514,0.4995996411650805,0.9167587619455001,0.39804840696232063,0.14826092210549757,-0.8483666636663436,0.31599077307861945,0.0
0.1322838280863463,0.23290296643656072,0.7369228081805197,0.5059897759753579,0.28112739912460083,-0.7128093162635156,0.3960361229961025,1.0
-0.11037507310084527,0.7035617108120158,0.8697089439218704,0.2655473611274965,0.30365822080839855,-0.602352834236684,0.688801384305182,1.0
0.1853100550172022,-0.911410318038886,0.8444948589120802,-0.26712227257173493,0.21565676421261432,0.7307875719392601,0.5899893018051916,1.0
-0.5501222949169364,0.6252410115754765,0.7358926832072175,0.1458311360427885,0.3166382891864923,-0.39208393007688364,0.8513187801035441,1.0
-0.055401274712488346,0.4925918670213658,0.9403941971152928,0.3405501404143091,0.36475515068467546,-0.5913945269281813,0.6334286032633724,1.0
0.588410396086193,-0.428361777551469,0.84307137838664,-0.3852724885560796,0.14774983616080647,0.8505016460700819,0.3261626059319825,0.0
-0.19663584826157887,-0.8997559472871337,0.9556254422675328,-0.23511048695966186,0.2951691875829445,0.5769739547297146,0.7243612808445581,1.0
-0.044184361089765645,0.21222066529436767,0.7384779040957037,0.3644018598381206,0.42605171092208627,-0.5382284210567643,0.629286414070433,1.0
0.4259686171137653,0.7461233882649325,0.6917396806511096,0.29888695009356464,0.17168000340247652,-0.8139927950517701,0.4675556620331955,1.0
-0.32719089603768037,-0.10769675322403782,0.9498574778098705,-0.08938217314011312,0.5641598227049607,0.128442795038917,0.8107015295241825,0.0
-0.5640204912701843,0.7240788154621043,0.7042929956922401,0.1286185370320914,0.2615762783447786,-0.4220877322837654,0.8584154406780949,1.0
0.48482856269238295,0.7003947666704773,0.7022899456386426,0.28408566351245346,0.15125241786453503,-0.8357233827990045,0.4449544575794356,0.0
0.7213654137889318,0.3702020507213233,0.8554494122658209,0.38660156697998693,0.09817624989622192,-0.8887953120323021,0.22570676922577224,1.0
0.5979888296387943,0.48327281644418063,0.7527891501163171,0.3471978551547034,0.12742705177455227,-0.872206094368949,0.32011329993876103,1.0
-0.8770364205088992,-0.11025469511752606,0.9939013244382353,-0.025240088931849442,0.42445274557848667,0.0537267724148064,0.903502207306371,0.0
-0.29134956030750314,0.3980542437297374,0.9127370326931739,0.21415845019229654,0.44757599389689323,-0.3747426878234627,0.7831856777426977,0.0
-0.7325449900122625,-0.4857975297017991,0.9394135704523524,-0.1182186427711983,0.415046616451123,0.2471147112167419,0.8675799549171688,0.0
0.7331037692924989,-0.356172892839667,0.6579516829060759,-0.30228634148496025,0.061464345523077994,0.9321591572332588,0.189537351377607,0.0
-0.5307240998748435,-0.9403940243277382,0.9677357745714587,-0.1674365551991347,0.32069760177031953,0.4314691838577736,0.8264093365777758,0.0
-0.9366677481886521,-0.9450678502925816,0.6663452440631853,-0.08969071454691196,0.18588219112144816,0.4252138758566036,0.8812471540532536,0.0
-0.7809845576528336,0.6406453589355692,0.748231768105527,0.126809850150225,0.31112311923157876,-0.35549974060928957,0.8722050223492285,0.0
-0.5630636117917043,0.7362188924679383,0.7594678780877724,0.16158517121977428,0.3323897339298088,-0.406252092479314,0.8356832740794362,0.0
-0.3338112499882988,-0.9355272948329063,0.8961642476195457,-0.21626503681902387,0.2842866908530003,0.5655087247479039,0.7433776923526266,0.0
-0.15423180005418824,-0.428636023343816,0.8356622158076744,-0.27823295992465663,0.4294287540104967,0.4671811846668782,0.7210541629682261,0.0
-0.24115805416553715,-0.39582871486743976,0.8730737652940128,-0.26614662232397157,0.4702170031843631,0.4144873026676228,0.7322992702913041,0.0
-0.7765467302711049,0.6997583060388182,0.9414524983255516,0.12086525873015219,0.3338138597041081,-0.3182679174506926,0.8790138958077617,0.0
0.767854399489657,0.2239529689773576,0.617252639021675,0.3050735964240396,0.02422190854028136,-0.9490340970370119,0.07535039862344384,0.0
-0.26720576057628165,0.5976144357367765,0.7554457281314874,0.20456721681538995,0.3356787061352039,-0.47850023914881307,0.7851812409796413,0.0
-0.843177674694642,-0.6131530280153505,0.9591728846320101,-0.09151474898823729,0.2873009297482133,0.28938159610878306,0.908483086423168,0.0
0.3586964095013321,0.3725167219219663,0.7191442134948426,0.4295664662238126,0.18165249821034646,-0.8147250032316119,0.34452603689587263,0.0
-0.7643506416231336,0.601995404903463,0.7163213105141157,0.08760433189797495,0.28584761113759066,-0.27961791484899073,0.9123762633558289,0.0
-0.2645288558365635,0.5601181453909692,0.8486218578239029,0.2244215429629147,0.3698732397797378,-0.46767538508660095,0.7707843354227465,0.0
0.5947928732946277,0.22185568389368737,0.9683364604406799,0.48703346460163094,0.08468164914725462,-0.8564192564379338,0.14890762189401088,0.0
-0.2355262133195628,-0.41275148080181534,0.7998464817105041,-0.2735936990165781,0.4476603863094546,0.44394882476884523,0.7263994131151656,0.0
-0.32403473976731956,-0.040240678041885136,0.9780805207959868,-0.023086261893992523,0.5761178285818316,0.0327142906691108,0.8163853546505684,0.0
0.3970897804076121,0.702711389095013,0.8859703798968095,0.350582198393927,0.21446299423576223,-0.7776750934465726,0.47573017069088375,0.0
-0.23361242261335646,-0.6929701875003178,0.6910938680460632,-0.2180750985225924,0.3003633166664204,0.5455460423367323,0.7514017867268067,0.0
-0.9869653517357355,-0.3652478183820236,0.6267287406584006,-0.04028523867450304,0.2399328405521716,0.16060909206023488,0.9565636680938137,0.0
-0.5484890026386486,0.7602487239414739,0.7857707873565389,0.148899025536022,0.3079727093016655,-0.4090168644539849,0.8459829165604029,0.0
-0.11725852507635559,-0.2651517311344267,0.9620837903888944,-0.31942838914412364,0.5203512991534949,0.41432258910278613,0.6749346796818374,0.0
0.8791844384543668,0.5183810547001371,0.8810928321751559,0.2931747901300407,0.08835631783177714,-0.9114729632852228,0.27469754409435754,0.0
-0.034459097877385325,-0.4894026399336895,0.700507534350408,-0.3102968734279613,0.33303920675868764,0.6069673347440319,0.651453291998822,0.0
0.6830884486170672,0.6843361154909935,0.7380158355553519,0.3066588122047502,0.12217284718082547,-0.8769149198852859,0.34936283659182354,0.0
-0.9815673845908837,0.7551413817980872,0.6862246268527287,0.08798077141264087,0.25867071617586,-0.309757793256311,0.9107134313117847,0.0
0.5843389230557468,-0.8645963503843042,0.9006714516462575,-0.2869180983042294,0.14247943467401164,0.8484465911088261,0.42132647388488537,0.0
-0.33886697999221527,0.5624161858620447,0.9569703731433213,0.22030543514725237,0.425809829169506,-0.403266794660931,0.7794404383601832,0.0
-0.23881321402023725,-0.3904766675226481,0.6991874088722061,-0.24938983963144093,0.4287636343895911,0.43657373501544544,0.7505796610675625,0.0
-0.08618030104822827,0.7567525357852953,0.9179740207709686,0.2938662033957223,0.31988581151064543,-0.6093639125739378,0.6633184334454624,0.0
0.6535830244376066,-0.33355760385814004,0.9049607129956937,-0.4182692709779107,0.10031677284675636,0.8778709923173337,0.21054662877614402,0.0
-0.08770788154172338,0.08790434811006165,0.6580885519776266,0.23034657757013938,0.5823862675922082,-0.2867331950688761,0.7249488012041502,0.0
-0.46336412746346745,0.441262048596599,0.923545228012849,0.167083636821887,0.45077515355317754,-0.30475463986847795,0.8221979255167915,0.0
0.7277145542692731,-0.5875217726996105,0.8232343826252383,-0.345642659877268,0.12735264891597783,0.8723539479884631,0.32142035392300966,0.0
-0.4325356384726984,-0.9357039228720017,0.9557095741141878,-0.17413676048547486,0.2813837727126572,0.4965916191642302,0.8024315079042349,0.0
-0.1920763230674396,0.8807324352954096,0.9456528834592769,0.24330800956739246,0.3101527387890155,-0.5672404286909695,0.723080069674522,0.0
-0.6640753750072732,0.5758459389575235,0.9358030867195982,0.13224649819097578,0.3830026994640794,-0.29838714691802015,0.8641671750729579,0.0
-0.12212787495715194,-0.9462750600788057,0.9747570177106266,-0.2801712332162845,0.31127888991396224,0.6074978213435864,0.6749488349755066,0.0
-0.6454604025637494,-0.07031981814622479,0.6292482918993767,-0.010694695577780355,0.3267038733134605,0.030920309054086076,0.9445602877193604,0.0
-0.7984545121311497,0.9163354628933384,0.8742242276188628,0.1148736089668717,0.24679120607212043,-0.40605733764798246,0.8723620768411628,0.0
0.06616937314706561,-0.048429436680930804,0.9243289310845871,-0.6599741865082627,0.2032851354202798,0.6912158363745674,0.2129081830388933,0.0
-0.8497221153840095,-0.6647194744272811,0.7619504556929766,-0.11543155941333452,0.2908139195434401,0.3504027374410409,0.8827914481263468,0.0
0.5585219651120619,0.3531907913211645,0.792956976922549,0.4483247963802012,0.12631363898026976,-0.8517405999693045,0.23997435680118517,0.0
-0.29304707384471174,-0.15246372080575044,0.9354721892170348,-0.1345231970767329,0.5481437733453832,0.19675115206138225,0.801704993968142,0.0
